-- phpMyAdmin SQL Dump
-- version 4.2.11
-- http://www.phpmyadmin.net
--
-- Host: 127.0.0.1
-- Generation Time: Sep 21, 2015 at 03:37 PM
-- Server version: 5.6.21
-- PHP Version: 5.6.3

SET SQL_MODE = "NO_AUTO_VALUE_ON_ZERO";
SET time_zone = "+00:00";


/*!40101 SET @OLD_CHARACTER_SET_CLIENT=@@CHARACTER_SET_CLIENT */;
/*!40101 SET @OLD_CHARACTER_SET_RESULTS=@@CHARACTER_SET_RESULTS */;
/*!40101 SET @OLD_COLLATION_CONNECTION=@@COLLATION_CONNECTION */;
/*!40101 SET NAMES utf8 */;

--
-- Database: `pd`
--

-- --------------------------------------------------------

--
-- Table structure for table `bolesti`
--

CREATE TABLE IF NOT EXISTS `bolesti` (
`ID` int(11) NOT NULL,
  `bolest` varchar(255) NOT NULL,
  `grupa` varchar(3) NOT NULL
) ENGINE=InnoDB AUTO_INCREMENT=102 DEFAULT CHARSET=utf8;

--
-- Dumping data for table `bolesti`
--

INSERT INTO `bolesti` (`ID`, `bolest`, `grupa`) VALUES
(1, 'Ear infection', '7'),
(2, 'Middle ear infection', '7'),
(3, 'Osteoporosis', '11'),
(4, 'Obesity', ''),
(5, 'Anemia', ''),
(6, 'Non-Hodgkin’s lymphoma', '3'),
(7, 'Narcolepsy', '21'),
(8, 'Lordosis', '11'),
(9, 'Muscular dystrophy', '11,'),
(10, 'Multiple sclerosis', '2'),
(11, 'Shock', '4'),
(12, 'Schizophrenia', '9'),
(13, 'Ptosis', '14'),
(14, 'Migraine', '23'),
(15, 'Myopia', '14'),
(16, 'Meningococcal disease', '7'),
(17, 'Meningitis', '7, '),
(18, 'Lymphoma', '3'),
(19, 'Lyme disease', '7'),
(20, 'Lupus', '2'),
(21, 'Lung cancer', '3'),
(22, 'Liver cancer', '3'),
(23, 'Leukemia', '3'),
(24, 'Lactose Intolerance', '5'),
(25, 'Jaundice', '5'),
(26, 'Irritable bowel syndrome', '5'),
(27, 'Insomnia', '21'),
(28, 'Impotence', '16'),
(29, 'Human Papillomavirus (HPV)', '7, '),
(30, 'Hodgkin’s disease', '3'),
(31, 'HIV/AIDS', '7, '),
(32, 'Herpes', '7, '),
(33, 'Hepatitis E', '5, '),
(34, 'Hepatitis D', '5, '),
(35, 'Hepatitis C', '5, '),
(36, 'Hepatitis B', '5, '),
(37, 'Gonorrhea', '7, '),
(38, 'Hepatitis A', '5, '),
(39, 'Hemochromatosis', '10'),
(40, 'Myocarditis', '4'),
(41, 'Pericarditis', '4'),
(42, 'Arrhythmias', '4'),
(43, 'Heart attack', '4'),
(44, 'Angina', '4'),
(45, 'Brain cancer', '3'),
(46, 'Hay fever', '1, '),
(47, 'Hashimoto’s disease', '2, '),
(48, 'Graves Disease', '10'),
(49, 'Genital herpes', '7, '),
(50, 'Gallstones', '5, '),
(51, 'Food poisoning', '7'),
(52, 'Flu/Influenza', '7, '),
(53, 'Fibromyalgia', '11'),
(54, 'Endometriosis', '15'),
(55, 'Eczema', '20'),
(56, 'Diarrhea', '5'),
(57, 'Diabetes', '10'),
(58, 'Depression', '9'),
(59, 'Hydrocephalus', ''),
(60, 'Alcoholism', ''),
(61, 'Creutzfeldt-Jakob disease', '12'),
(62, 'Syphilis', '7, '),
(63, 'Atherosclerosis', '11'),
(64, 'Hypertension', '23,'),
(65, 'Stroke', '23'),
(66, 'Dementia', '12'),
(67, 'Cystic fibrosis', '5, '),
(68, 'COPD', '17'),
(69, 'Common cold', '7'),
(70, 'Constipation', '5'),
(71, 'Chlamydia', '7'),
(72, 'Chickenpox', '7'),
(73, 'Cervical cancer', '3, '),
(74, 'Celiac disease', '4'),
(75, 'Cataracts', '14'),
(76, 'Gastroenteritis', '5, '),
(77, 'Vaginal candidiasis/thrush', '7, '),
(78, 'Oral thrush/candidiasis', '7'),
(79, 'Candidiasis', '7'),
(80, 'Colorectal cancer', '3'),
(81, 'Prostate cancer', '3'),
(82, 'Breast cancer', '3'),
(83, 'Benign Prostate Hyperplasia', '22,'),
(84, 'Hashimoto’s Thyroiditis', '2, '),
(85, 'Graves Disease', '10'),
(86, 'Type 1 diabetes', '2, '),
(87, 'Astigmatism', '14'),
(88, 'Arthritis', '18'),
(89, 'Rheumatoid arthritis', '18'),
(90, 'Osteoarthritis', '18'),
(91, 'Alzheimer’s Disease', '12'),
(92, 'Hepatitis', '5, '),
(93, 'Hemorrhoids', '5'),
(94, 'Ulcerative colitis', '5'),
(95, 'Crohn’s disease', '5'),
(96, 'Gastritis', '5'),
(97, 'Gastroesophageal reflux disease', '5'),
(98, 'Asthma', '17'),
(99, 'Cardiac arrest', '4'),
(100, 'Endocarditis', '4'),
(101, 'Rheumatic fever', '18,');

-- --------------------------------------------------------

--
-- Table structure for table `grupe`
--

CREATE TABLE IF NOT EXISTS `grupe` (
`ID` int(11) NOT NULL,
  `grupa` varchar(255) NOT NULL
) ENGINE=InnoDB AUTO_INCREMENT=24 DEFAULT CHARSET=utf8;

--
-- Dumping data for table `grupe`
--

INSERT INTO `grupe` (`ID`, `grupa`) VALUES
(1, 'Allergies'),
(2, 'Autoimune disease'),
(3, 'Cancer'),
(4, 'Cardiac disease'),
(5, 'Digestive disease'),
(6, 'Genetic disease'),
(7, 'Infectious disease'),
(8, 'Lung related disease'),
(9, 'Mental disorder'),
(10, 'Metabolic disease'),
(11, 'Musculoskeletal disease'),
(12, 'Neurodegenerative disease'),
(13, 'Neurological disease'),
(14, 'Ocular disease'),
(15, 'Reproductive system (female)'),
(16, 'Reproductive system (male)'),
(17, 'Respiratory disease'),
(18, 'Rheumatic disease'),
(19, 'Sexually transmitted disease'),
(20, 'Skin disease'),
(21, 'Sleep disorder'),
(22, 'Urological disease'),
(23, 'Vascular disease');

-- --------------------------------------------------------

--
-- Table structure for table `podrucje`
--

CREATE TABLE IF NOT EXISTS `podrucje` (
`ID` int(11) NOT NULL,
  `dio` varchar(255) DEFAULT NULL
) ENGINE=InnoDB AUTO_INCREMENT=11 DEFAULT CHARSET=utf8;

--
-- Dumping data for table `podrucje`
--

INSERT INTO `podrucje` (`ID`, `dio`) VALUES
(1, 'Head'),
(2, 'Neck'),
(4, 'Trunk/Thorax'),
(5, 'Belly/Abdomen'),
(6, 'Genital area/Pelvis'),
(7, 'Arms'),
(8, 'Legs'),
(9, 'General'),
(10, '');

-- --------------------------------------------------------

--
-- Table structure for table `simptomi`
--

CREATE TABLE IF NOT EXISTS `simptomi` (
`ID` int(11) NOT NULL,
  `simptom` varchar(255) NOT NULL
) ENGINE=InnoDB AUTO_INCREMENT=1010 DEFAULT CHARSET=utf8;

--
-- Dumping data for table `simptomi`
--

INSERT INTO `simptomi` (`ID`, `simptom`) VALUES
(1, 'Abdominal bloating'),
(2, 'Abdominal colic'),
(3, 'Abdominal cramping'),
(4, 'Abdominal cramps'),
(5, 'Abdominal discomfort'),
(6, 'Abdominal fullness'),
(7, 'Abdominal lump'),
(8, 'Abdominal pain'),
(9, 'Abdominal pain extends to back and shoulder'),
(10, 'Abdominal pressure'),
(11, 'Abdominal swelling'),
(12, 'Abnormal foot reflexes'),
(13, 'Abnormal reflexes'),
(14, 'Abnormal sensations'),
(15, 'Abnormal vaginal bleeding'),
(16, 'Abscess'),
(17, 'Absent bowel movement'),
(18, 'Absent periods'),
(19, 'Absent pulse'),
(20, 'Aching'),
(21, 'Aching body'),
(22, 'Aching joints'),
(23, 'Aching muscles'),
(24, 'Acne'),
(25, 'Aggression'),
(26, 'Agitation'),
(27, 'Alcohol intolerance'),
(28, 'Alcohol problems'),
(29, 'Alertness changes'),
(30, 'Allergic salute (persistent upward nose rubbing)'),
(31, 'Allergic shiners (dark rings around the eyes)'),
(32, 'Anal burning'),
(33, 'Anal discharge'),
(34, 'Anal itching'),
(35, 'Anal pain'),
(36, 'Anal sores'),
(37, 'Anal ulcer'),
(38, 'Anal warts'),
(39, 'Anemia'),
(40, 'Anger when asked about drinking'),
(41, 'Angina'),
(42, 'Ankle arthritis'),
(43, 'Ankle swelling'),
(44, 'Anorexia'),
(45, 'Anovulation'),
(46, 'Anxiety'),
(47, 'Arm rash'),
(48, 'Arm tingling'),
(49, 'Arm tremor'),
(50, 'Arm weakness'),
(51, 'Armpit skin rash'),
(52, 'Arthritis'),
(53, 'Athlete’s foot'),
(54, 'Atopic pleat- extra fold of skin under eye'),
(55, 'Attention difficulties'),
(56, 'Back pain – between the shoulder blades'),
(57, 'Backache'),
(58, 'Bad dreams'),
(59, 'Balance difficulty'),
(60, 'Balance problems'),
(61, 'Bartholin vaginal gland inflammation'),
(62, 'Becoming lost in familiar places'),
(63, 'Becoming suspicious for no reason'),
(64, 'Bed wetting – in children'),
(65, 'Behavioral problems'),
(66, 'Belching'),
(67, 'Biliary Colic'),
(68, 'Bitter taste in mouth'),
(69, 'Blackouts'),
(70, 'Bladder control problems'),
(71, 'Bladder incontinence'),
(72, 'Bladder inflammation'),
(73, 'Bladder symptoms'),
(74, 'Bleeding between periods'),
(75, 'Bleeding easily'),
(76, 'Bleeding gums'),
(77, 'Blindness'),
(78, 'Blindness in one eye'),
(79, 'Blister-like rash'),
(80, 'Blisters'),
(81, 'Bloating'),
(82, 'Blocked nose'),
(83, 'Blood in semen'),
(84, 'Blood in stool'),
(85, 'Blood in urine'),
(86, 'Bloody sputum'),
(87, 'Bloody stool'),
(88, 'Blue lips'),
(89, 'Blue nails'),
(90, 'Blue skin'),
(91, 'Blurred vision'),
(92, 'Body aches'),
(93, 'Bone pain'),
(94, 'Bouts of mild fever'),
(95, 'Bowel incontinence'),
(96, 'Bowel spasms'),
(97, 'Bowel symptoms'),
(98, 'Bradycardia'),
(99, 'Brain swelling'),
(100, 'Brassy cough'),
(101, 'Breast lump'),
(102, 'Breast shape change'),
(103, 'Breast size change'),
(104, 'Breast skin pitting'),
(105, 'Breast skin ridges'),
(106, 'Breast thickening'),
(107, 'Breathing difficulties'),
(108, 'Breathing difficulty'),
(109, 'Breathlessness'),
(110, 'Breathlessness after exertion'),
(111, 'Brief chest pain episodes – 2-5 minutes'),
(112, 'Brittle bones'),
(113, 'Brittle hair'),
(114, 'Bronze skin'),
(115, 'Bruising easily'),
(116, 'Bulging eyes'),
(117, 'Bulging forehead'),
(118, 'Bulky bowel movements'),
(119, 'Burning sensation in the chest/heartburn'),
(120, 'Burning urinating'),
(121, 'Burning urination'),
(122, 'Butterfly skin rash on the face'),
(123, 'Buttock pain'),
(124, 'Buttock sores'),
(125, 'Candida Thrush'),
(126, 'Catatonia'),
(127, 'Cervix sores'),
(128, 'Cervix ulcer'),
(129, 'Chancre – a painless open genital sore usually on penis or vagina rarely hands mouth or anus; sometimes inside vagina or on cervix.'),
(130, 'Change in bowel habits'),
(131, 'Change in mood'),
(132, 'Changed sleeping habits'),
(133, 'Changes in vision'),
(134, 'Chest discomfort'),
(135, 'Chest fullness'),
(136, 'Chest pain'),
(137, 'Chest pain from deep breaths'),
(138, 'Chest pain improves leaning forward'),
(139, 'Chest pain improves sitting up'),
(140, 'Chest pain on deep breaths'),
(141, 'Chest pain spreading to shoulders and neck'),
(142, 'Chest pain worse lying down'),
(143, 'Chest squeezing'),
(144, 'Chest tightness'),
(145, 'Chills'),
(146, 'Choking feeling'),
(147, 'Chronic chest pain'),
(148, 'Chronic coughing'),
(149, 'Chronic fatigue'),
(150, 'Clammy skin'),
(151, 'Clay-colored stools'),
(152, 'Cloudy urine'),
(153, 'Cloudy vision'),
(154, 'Clumsiness'),
(155, 'Coarse skin'),
(156, 'Cognition changes'),
(157, 'Cognitive impairments'),
(158, 'Cognitive loss'),
(159, 'Cognitive problems'),
(160, 'Cold sensitivity'),
(161, 'Cold skin'),
(162, 'Cold sweat'),
(163, 'Cold-like symptoms'),
(164, 'Coma'),
(165, 'Complete body collapse'),
(166, 'Concentration difficulties'),
(167, 'Confusion'),
(168, 'Conjunctival edema'),
(169, 'Conjunctival ulcers'),
(170, 'Conjunctivitis'),
(171, 'Constipation'),
(172, 'Convulsion'),
(173, 'Convulsions'),
(174, 'Coordination difficulty'),
(175, 'Corneal clouding'),
(176, 'Corneal ulcers'),
(177, 'Coronary thrombosi'),
(178, 'Cortical blindness'),
(179, 'Cough'),
(180, 'Coughing'),
(181, 'Coughing up blood'),
(182, 'Cramps'),
(183, 'Craving alcohol'),
(184, 'Crunching feeling'),
(185, 'Crunching sound'),
(186, 'Crusting'),
(187, 'Crusting of eyelids'),
(188, 'Crusty arm blisters'),
(189, 'Crusty leg blisters'),
(190, 'Crusty rash on cheek'),
(191, 'Cyanosis'),
(192, 'Daily mornign cough'),
(193, 'Dark circles under the eyes'),
(194, 'Dark or reddish urine'),
(195, 'Dark urine'),
(196, 'Darker urine'),
(197, 'Days seem too bright'),
(198, 'Daytime sleep attacks'),
(199, 'Daytime tiredness'),
(200, 'Decreased abdominal reflexes'),
(201, 'Decreased appetite'),
(202, 'Decreased force of stream'),
(203, 'Degraded night vision'),
(204, 'Dehydration'),
(205, 'Delayed growth'),
(206, 'Delirium tremens'),
(207, 'Delusions of grandeur'),
(208, 'Dementia'),
(209, 'Depression'),
(210, 'Despair worse at night'),
(211, 'Diabetes'),
(212, 'Diabetic ketoacidosis (DKA)'),
(213, 'Diarrhea'),
(214, 'Diarrhea mixed with blood'),
(215, 'Diarrhea mixed with mucus'),
(216, 'Difficult bowel movemen'),
(217, 'Difficult swallowing'),
(218, 'Difficulting climbing stairs'),
(219, 'Difficulty concentrating'),
(220, 'Difficulty descending stairs'),
(221, 'Difficulty falling asleep'),
(222, 'Difficulty holding back urination'),
(223, 'Difficulty making decisions'),
(224, 'Difficulty moving'),
(225, 'Difficulty reading'),
(226, 'Difficulty returning to sleep'),
(227, 'Difficulty seeing distant objects'),
(228, 'Difficulty sleeping'),
(229, 'Difficulty speaking'),
(230, 'Difficulty standing up'),
(231, 'Difficulty starting urination'),
(232, 'Difficulty swallowing'),
(233, 'Difficulty thinking'),
(234, 'Difficulty waking up'),
(235, 'Digestive bleeding'),
(236, 'Dilated pupils'),
(237, 'Dim vision'),
(238, 'Dimpling of skin'),
(239, 'Discomfort behind breastbone'),
(240, 'Disordered thinking'),
(241, 'Disorganized thinking'),
(242, 'Disorientation'),
(243, 'Distortion in some part of the visual field'),
(244, 'Disturbance of consciousness'),
(245, 'Disturbed nighttime sleep'),
(246, 'Dizziness'),
(247, 'Double vision'),
(248, 'Downward gaze'),
(249, 'Dribbling or dripping'),
(250, 'Drunk driving'),
(251, 'Drinking too much alcohol'),
(252, 'Drinking whenever you feel stress'),
(253, 'Drowsiness'),
(254, 'Drug problems'),
(255, 'Drunkenness'),
(256, 'Dry bowel movement'),
(257, 'Dry cough'),
(258, 'Dry feces'),
(259, 'Dry itchy skin'),
(260, 'Dry skin'),
(261, 'Dyspnea'),
(262, 'Dyspnoea'),
(263, 'Ear discharge'),
(264, 'Ear fluid draining'),
(265, 'Ear inflammation'),
(266, 'Ear pain'),
(267, 'Ear swelling'),
(268, 'Earache'),
(269, 'Edema'),
(270, 'Emotional instability'),
(271, 'Emotional symptoms'),
(272, 'Empty feeling'),
(273, 'Enlarged calf muscles'),
(274, 'Enlarged groin glands'),
(275, 'Enlarged groin lymph nodes'),
(276, 'Enlarged liver'),
(277, 'Enlarged lymph nodes'),
(278, 'Enlarged lymph nodes – all over the body'),
(279, 'Enlarged muscles'),
(280, 'Enlarged spleen'),
(281, 'Erectile dysfunction'),
(282, 'Erectile failure'),
(283, 'Erection difficulty'),
(284, 'Excessive daytime sleepiness'),
(285, 'Excessive hunger'),
(286, 'Excessive menstrual bleeding'),
(287, 'Excessive menstrual cramps (dysmenorrhea)'),
(288, 'Excessive thirst'),
(289, 'Excessive urination'),
(290, 'Exhaustion'),
(291, 'expulsion of stomach or esophageal material/regurgitation'),
(292, 'Extreme fatigue'),
(293, 'Extreme tiredness'),
(294, 'Eye inflammation'),
(295, 'Eye pain'),
(296, 'Eye paralysis'),
(297, 'Eye sores'),
(298, 'Eye yellowing'),
(299, 'Facial paresthesias'),
(300, 'Facial swelling'),
(301, 'Facial tingling'),
(302, 'Faded colors'),
(303, 'Fainting'),
(304, 'Falling asleep during laughter'),
(305, 'Falling asleep during routine work'),
(306, 'Falls'),
(307, 'Fatigue'),
(308, 'Fatty food intolerance'),
(309, 'Fear'),
(310, 'Fear of the future'),
(311, 'Fecal straining'),
(312, 'Feeling of fullness'),
(313, 'Feeling of pressure in the chest'),
(314, 'Feeling sluggish'),
(315, 'Feeling unfinished bowel motion'),
(316, 'Feelings of worthlessness'),
(317, 'Fever'),
(318, 'Finger arthritis'),
(319, 'Finger rash'),
(320, 'Firm-looking muscles'),
(321, 'Flaky skin'),
(322, 'Flashing lights'),
(323, 'Flatulence'),
(324, 'Flu-like symptoms'),
(325, 'Fluid retention'),
(326, 'Fluid retention in upper body'),
(327, 'Flushed face'),
(328, 'Foggy vision'),
(329, 'Foot arthritis'),
(330, 'Foot numbness'),
(331, 'Foot paresthesias'),
(332, 'Foot tingling'),
(333, 'Forgetfulness'),
(334, 'Forgetting how to do everyday tasks'),
(335, 'Forgetting names'),
(336, 'foul-smelling bowel movements'),
(337, 'Foul-smelling feces'),
(338, 'Fractures'),
(339, 'Fractures'),
(340, 'Fracturing easily'),
(341, 'Frequent awakenings'),
(342, 'Frequent bowel motions'),
(343, 'Frequent bowel movements'),
(344, 'Frequent coughing'),
(345, 'Frequent infections'),
(346, 'Frequent low-grade fevers'),
(347, 'Frequent night waking'),
(348, 'Frequent urination'),
(349, 'Frequent urination of small amounts'),
(350, 'Frequent yeast infections'),
(351, 'Frontal headache'),
(352, 'Furry tongue'),
(353, 'Gait disturbance'),
(354, 'Gait problems'),
(355, 'Gas'),
(356, 'Gastrointestinal bleeding'),
(357, 'Genital area pain'),
(358, 'Genital blisters'),
(359, 'Genital burning'),
(360, 'Genital itching'),
(361, 'Genital ulcer'),
(362, 'Genital ulcers'),
(363, 'Genital wart-like lumps'),
(364, 'Getting into trouble'),
(365, 'Giddiness'),
(366, 'Gingivostomatitis'),
(367, 'Goiter'),
(368, 'Groin lymph node swelling'),
(369, 'Guilt when asked about drinking'),
(370, 'Gustatory hallucinations'),
(371, 'Hair loss'),
(372, 'Hallucinations'),
(373, 'Halo around lights'),
(374, 'Hand numbness'),
(375, 'Hand paresthesias'),
(376, 'Hand tingling'),
(377, 'Hand ulcer'),
(378, 'Hard feces'),
(379, 'Hard painless breast lump'),
(380, 'Having strange ideas'),
(381, 'Headache'),
(382, 'Headaches'),
(383, 'Headaches Seizures'),
(384, 'Hearing loss'),
(385, 'Hearing problems'),
(386, 'Hearing voices'),
(387, 'Heart attack'),
(388, 'Heart problems'),
(389, 'Heartbeat irregularity'),
(390, 'Heat sensitivity'),
(391, 'Heavy menstrual flow'),
(392, 'Heavy periods'),
(393, 'Hesitancy'),
(394, 'Hesitancy'),
(395, 'High blood pressure'),
(396, 'High fever'),
(397, 'Hip pain'),
(398, 'Hip stiffness'),
(399, 'Hoarse voice'),
(400, 'Hoarseness'),
(401, 'Hopelessness'),
(402, 'Hydrocephalus'),
(403, 'Hyperactive'),
(404, 'Hyperpigmented eyelids'),
(405, 'Hypnagogic hallucinations'),
(406, 'Hypotension'),
(407, 'Ichthyosis (scaly skin areas)'),
(408, 'Impaired ability to control voluntary movements'),
(409, 'Impaired expression of emotions'),
(410, 'Impaired judgment'),
(411, 'Impaired spatial skills'),
(412, 'Impaired thinking'),
(413, 'Impaired vision'),
(414, 'Impaired visual skills'),
(415, 'Impotence'),
(416, 'Impotence Balance disorders'),
(417, 'Inability to attain an erection'),
(418, 'Inability to drive'),
(419, 'Inability to stop drinking'),
(420, 'Inability to straighten knees'),
(421, 'Inability to sustain an erection'),
(422, 'Inability to urinate'),
(423, 'Inappropriate behavior'),
(424, 'Inappropriate crying'),
(425, 'Inappropriate emotional response'),
(426, 'Inappropriate guilt'),
(427, 'Incomplete bladder emptying'),
(428, 'Incontinence'),
(429, 'Increased abdominal girth'),
(430, 'Increased appetite'),
(431, 'Increased BMI'),
(432, 'Increased body temperature'),
(433, 'Increased bowel motility'),
(434, 'Increased frequency of heart beating'),
(435, 'Increased menstrual flow'),
(436, 'Increased salivation'),
(437, 'Increased sweating'),
(438, 'Increased tendon reflexes'),
(439, 'Increased weight'),
(440, 'Increasing alcohol tolerance'),
(441, 'Increasing head circumference'),
(442, 'Indigestion'),
(443, 'Infertility'),
(444, 'Infertility Hair loss'),
(445, 'Inflamed skin'),
(446, 'Infrequent bowel movement'),
(447, 'Infrequent urination'),
(448, 'Insomnia'),
(449, 'Internal vaginal sores'),
(450, 'Internal vaginal ulcer'),
(451, 'Internal vaginal warts'),
(452, 'Interrupted urine flow'),
(453, 'Irregular breathing'),
(454, 'Irregular periods'),
(455, 'Irritability'),
(456, 'Irritable bowel syndrome'),
(457, 'Isolation'),
(458, 'Itching'),
(459, 'Itching eyes'),
(460, 'Itching nose'),
(461, 'Itching skin'),
(462, 'Itching throat'),
(463, 'Itchy blisters'),
(464, 'Itchy skin rash'),
(465, 'Jaundice'),
(466, 'Joint aches'),
(467, 'Joint locking'),
(468, 'Joint pain'),
(469, 'Joint pain worse with exercise'),
(470, 'Joint stiffnes improves with movement'),
(471, 'Joint stiffness'),
(472, 'Joint stiffness after inactivity'),
(473, 'Joint swelling'),
(474, 'Joint tenderness'),
(475, 'Judgment difficulties'),
(476, 'Kernig’s sign – inability to straighten knees in front of body'),
(477, 'Kidney problems'),
(478, 'Knee arthritis'),
(479, 'Lack of coordination'),
(480, 'Lack of energy'),
(481, 'Language deterioration'),
(482, 'Leg blood clot'),
(483, 'Leg cramps'),
(484, 'Leg jerks during sleep'),
(485, 'Leg pain'),
(486, 'Leg rash'),
(487, 'Leg tremor'),
(488, 'Leg weakness'),
(489, 'Lethargy'),
(490, 'Lichenification (leathery skin)'),
(491, 'Light colored stool'),
(493, 'Light vaginal bleeding'),
(494, 'Light-headedness'),
(495, 'Lighter menstrual flow'),
(496, 'Limb pain'),
(497, 'Limb stiffness'),
(498, 'Limb tingling'),
(499, 'Limb tremor'),
(500, 'Limb weakness'),
(501, 'Limp knees'),
(502, 'Limp neck'),
(503, 'Lip ulcers'),
(504, 'Liver disease'),
(505, 'Local vaginal skin tears'),
(506, 'Loners'),
(507, 'Loose stool'),
(508, 'Lordosis'),
(510, 'Losing your temper'),
(511, 'Loss of appetite'),
(512, 'Loss of balance'),
(513, 'Loss of concentration'),
(514, 'Loss of confidence'),
(515, 'Loss of consciousness'),
(516, 'Loss of coordination'),
(517, 'Loss of development'),
(518, 'Loss of enjoyment of recreation'),
(519, 'Loss of feeling'),
(520, 'Loss of hearing'),
(521, 'Loss of height'),
(522, 'Loss of interest in activities'),
(523, 'Loss of interest in sex'),
(524, 'Loss of judgement'),
(525, 'Loss of memory'),
(526, 'Loss of motivation'),
(527, 'Loss of muscle control'),
(528, 'Loss of sex drive'),
(529, 'Loss of vision'),
(530, 'Loss of weight'),
(531, 'Loss of work days'),
(532, 'Low blood pressure'),
(533, 'Low position (drooping) of the upper eyelid'),
(534, 'Low-grade fever'),
(535, 'Lower abdominal pain'),
(536, 'Lower abdominal pain worse during menstruation'),
(537, 'Lower back pain'),
(538, 'Lower back pain worse during menstruation'),
(539, 'Lower back stiffness'),
(540, 'Lum on front of the neck'),
(541, 'Lump in the breast'),
(542, 'Lump near breast'),
(543, 'Lumps near vaginal entrance'),
(544, 'Malaise'),
(545, 'Malnutrition'),
(546, 'Mania'),
(547, 'Memory difficulties'),
(548, 'Memory failure'),
(549, 'Memory loss'),
(550, 'Memory problems'),
(551, 'Menstrual disorders'),
(552, 'Menstrual pain'),
(553, 'Mental decline'),
(554, 'Mental slowness'),
(555, 'Mental symptoms'),
(556, 'Migraines'),
(557, 'Mild chills'),
(558, 'Mild fever'),
(559, 'Mild illness'),
(560, 'Mild shortness of breath'),
(561, 'Misery'),
(562, 'Missed menstrual periods'),
(563, 'Morning headache'),
(564, 'Morning joint stiffness'),
(565, 'Morning stiffness'),
(566, 'Motor problems'),
(567, 'Mouth blisters'),
(568, 'Mouth lining rash'),
(569, 'Mouth sores'),
(570, 'Mouth ulcer'),
(571, 'Mouth warts'),
(572, 'Mouth white spots'),
(573, 'Mucus in stool'),
(574, 'Muscle aches'),
(575, 'Muscle cramps'),
(576, 'Muscle pain'),
(577, 'Muscle spasms'),
(578, 'Muscle stiffness'),
(579, 'Muscle tenderness'),
(580, 'Muscle weakness'),
(581, 'Muscle weakness on one side of body'),
(582, 'Muscular coordination problems'),
(583, 'Muscular weakness'),
(584, 'Mutism'),
(585, 'Myalgia'),
(586, 'Myoclonus – involuntary muscle jerks'),
(587, 'Napping'),
(588, 'Narrow feces'),
(589, 'Narrower stools'),
(590, 'Nasal congestion'),
(591, 'Nasal inflammation'),
(592, 'Nasal sores'),
(593, 'Nausea'),
(594, 'Nausea Abdominal cramps'),
(595, 'Neck aches'),
(596, 'Neck discomfort'),
(597, 'Neck lymph node swelling'),
(598, 'Neck swelling'),
(599, 'Need for morning alcoholic drink'),
(600, 'Needing new glasses'),
(601, 'Neglect of hygiene'),
(602, 'Neglect of nutrition'),
(603, 'Neglect of personal appearance'),
(604, 'Neglecting personal safety'),
(605, 'Nervousness'),
(606, 'Night glare'),
(607, 'Night sweats'),
(608, 'Night urination'),
(609, 'Nightmares'),
(610, 'Nipple discharge'),
(611, 'Nipple inverted'),
(612, 'Nipple tenderness'),
(613, 'Nodules/knots under the skin'),
(614, 'Noise sensitivity'),
(615, 'Noisy breathing'),
(616, 'Nonsensical speech'),
(617, 'Nonsensical writing'),
(618, 'Nose bleeds'),
(619, 'Nose rubbing'),
(620, 'Nosebleeds'),
(621, 'Numbness'),
(622, 'Numbness in left arm'),
(623, 'Numbness of arms or legs'),
(624, 'Occasional coughing'),
(625, 'Occasional fever'),
(626, 'Odd behavior'),
(627, 'Olfactory hallucination'),
(628, 'One-sided body weakness'),
(629, 'One-sided headache'),
(630, 'One-sided numbness'),
(631, 'One-sided paralysis'),
(632, 'One-sided weakness'),
(633, 'Orange urine'),
(634, 'Overeating'),
(635, 'Pain'),
(636, 'Pain after sexual activity (dyspareunia)'),
(637, 'Pain extends down left arm'),
(638, 'Pain extends to neck'),
(639, 'Pain in the upper central belly'),
(640, 'Pain on moving neck'),
(641, 'Pain over one eye'),
(642, 'Pain relief from rest'),
(643, 'Pain under the right shoulder'),
(644, 'Pain urinating'),
(645, 'Pain worsens on exercise'),
(646, 'Painful bowel movement'),
(647, 'Painful ejaculation'),
(648, 'Painful intercourse'),
(649, 'Painful joint swelling'),
(650, 'Painful sex'),
(651, 'Painful swallowing'),
(652, 'Painful urination'),
(653, 'Painless swollen lymph nodes'),
(654, 'Pale feces'),
(655, 'Pale skin'),
(656, 'Pale stool'),
(657, 'Paleness'),
(658, 'Pallor'),
(659, 'Palpitations'),
(660, 'Palpitations/abnormal beating of the heart'),
(661, 'Panic'),
(662, 'Panic attacks'),
(663, 'Papilledema – swelling of the optic disk which is part of the optic nerve'),
(664, 'Papules (small raised bumps)'),
(665, 'Paralysis'),
(666, 'Paralysis of eye muscles'),
(667, 'Paranoia'),
(668, 'Paranoid delusions'),
(669, 'Paresthesias'),
(670, 'Partial vision loss'),
(671, 'Patchy hair loss'),
(672, 'Pelvic pain'),
(673, 'Pelvic pain between periods'),
(674, 'Penile discharge'),
(675, 'Penile itching'),
(676, 'Penile sores'),
(677, 'Penile warts'),
(678, 'Penis pain'),
(679, 'Penis pus'),
(680, 'Penis ulcer'),
(681, 'Period pain'),
(682, 'Periodic paralysis'),
(683, 'Peripheral neuropathies'),
(684, 'Persistent fatigue'),
(685, 'Persistent pain'),
(686, 'Persistent sadness'),
(687, 'Persistent skin rashes'),
(688, 'Personal suffering'),
(689, 'Personality changes'),
(690, 'Photophobia'),
(691, 'Physical slowness'),
(692, 'Poor coordination'),
(693, 'Poor healing'),
(694, 'Poor judgment'),
(695, 'Poor motor coordination'),
(696, 'Poor personal hygiene'),
(697, 'Poor school attendance'),
(698, 'Poor school grades'),
(699, 'Poor skin healing'),
(700, 'Postnasal drip'),
(701, 'Premature menopause'),
(702, 'Premenstrual discomfort'),
(703, 'Problems with balance'),
(704, 'Productive cough with thick mucus'),
(705, 'Profuse sweating'),
(706, 'Progressive blurring of vision'),
(707, 'Progressive lymph node enlargement'),
(708, 'Progressive muscular atrophy'),
(709, 'Progressive worsening of the symptoms'),
(710, 'Prominent fontanels'),
(711, 'Prostate inflammation'),
(712, 'Prostration'),
(713, 'Protruding eyes'),
(714, 'Psychological problems'),
(715, 'Ptosis'),
(716, 'Pus in urine'),
(717, 'Racing mind'),
(718, 'Raised intracranial pressure'),
(719, 'Rapid breathing'),
(720, 'Rapid heart rate'),
(721, 'Rapid involuntary eye movement'),
(722, 'Rapid Pulse'),
(723, 'Rash'),
(724, 'Rash behind the knees'),
(725, 'Rash in skin folds'),
(726, 'Rash inside the elbow'),
(727, 'Rash on cheeks and nose'),
(728, 'Rash on chest'),
(729, 'Rash on palms'),
(730, 'Rash on soles of feet'),
(731, 'Reckless behavior'),
(732, 'Rectal bleeding'),
(733, 'Recurrent bronchitis'),
(734, 'Recurrent pneumonia'),
(735, 'Recurrent respiratory infections'),
(736, 'Red breast'),
(737, 'Red cheek rash'),
(738, 'Red eyes'),
(739, 'Red nipple'),
(740, 'Red nose'),
(741, 'Red skin'),
(742, 'Red skin patches'),
(743, 'Red throat'),
(744, 'Red urine'),
(745, 'Red vaginal entrance skin'),
(746, 'Red-green color distortion'),
(747, 'Red-rimmed eyes'),
(748, 'Reduced alertness'),
(749, 'Reduced emotion'),
(750, 'Reduced urination'),
(751, 'Relationship difficulty'),
(752, 'Relief of earache when fluid leaks from the ear'),
(753, 'Repeating questions'),
(754, 'Restlessness'),
(755, 'Retching'),
(756, 'Rigidity'),
(757, 'Running away from home'),
(758, 'Runny nose'),
(759, 'Runny nose'),
(760, 'Sagging facial muscles'),
(761, 'Salty sweat'),
(762, 'Salty-tasting skin'),
(763, 'Scabbing of blisters'),
(764, 'Scalp blisters'),
(765, 'Scaly breast'),
(766, 'Scaly nipple'),
(767, 'Schizophrenia'),
(768, 'Scratchy throat'),
(769, 'Scrotum warts'),
(770, 'Seeing zigzag lines'),
(771, 'Seizures'),
(772, 'Sensation changes'),
(773, 'Sensitivity to light'),
(774, 'Sensory disturbances'),
(775, 'Sensory neuropathy'),
(776, 'Severe and persistent diarrhea'),
(777, 'Severe blurred vision'),
(778, 'Severe headache'),
(779, 'Severe herpes infections'),
(780, 'Sexual problems'),
(781, 'Shakiness'),
(782, 'Shallow breathing'),
(783, 'Shin rash (pretibial myxedema) – thickened reddish skin on the shins'),
(784, 'Shingles'),
(785, 'Shivering'),
(786, 'Shock'),
(787, 'Short-sightedness'),
(788, 'Short-term memory loss'),
(789, 'Shortness of breath'),
(790, 'Sinus swelling'),
(791, 'Skin boils'),
(792, 'Skin cracking'),
(793, 'Skin infections'),
(794, 'Skin inflammation'),
(795, 'Skin lesions'),
(796, 'Skin rash around tick bite'),
(797, 'Skin rash under breasts'),
(798, 'Skin redness'),
(799, 'Skin sores'),
(800, 'Skin swelling'),
(801, 'Skin ulcers'),
(802, 'Skin warts'),
(803, 'Skin yellowing'),
(804, 'Sleep disturbances'),
(805, 'Sleep paralysis'),
(806, 'Sleepiness'),
(807, 'Sleeping problems'),
(808, 'Sleeplessness'),
(809, 'Slight weakness'),
(810, 'Slow movement'),
(811, 'Slow pulse'),
(812, 'Slowed heartbeat'),
(813, 'Slowed respiratory rate'),
(814, 'Slowing development'),
(815, 'Sluggishness'),
(816, 'Slurred speech'),
(817, 'Small blisters'),
(818, 'Small brown sores'),
(819, 'Small feces'),
(820, 'Smelly vaginal discharge'),
(821, 'Sneezing'),
(822, 'Social withdrawal'),
(823, 'Sore throat'),
(824, 'Sound sensitivity'),
(825, 'Speaking difficulty'),
(826, 'Speech problems'),
(827, 'Spine deformation'),
(828, 'Spleen enlargement'),
(829, 'Spotting'),
(830, 'Spotting after sex'),
(831, 'Staying in bed'),
(832, 'Stiff limbs'),
(833, 'Stiff muscles'),
(834, 'Stiff neck'),
(835, 'Stiffness'),
(836, 'Stool mixed with blood'),
(837, 'Stroke'),
(838, 'Stumbling'),
(839, 'Subfertility'),
(840, 'Substance abuse'),
(841, 'Sudden coughing'),
(842, 'Sudden drop in blood pressure'),
(843, 'Sudden episodic loss of muscle control'),
(844, 'Sudden severe headache'),
(845, 'Suicide attempts'),
(846, 'Sun sensitivity'),
(847, 'Swallowing difficulty'),
(848, 'Sweating'),
(849, 'Sweaty skin'),
(850, 'Sweet-smelling fruity acetone breath'),
(851, 'Swelling'),
(852, 'Swelling around eyes'),
(853, 'Swelling in upper right abdomen'),
(854, 'Swelling of the legs'),
(855, 'Swollen abdomen'),
(856, 'Swollen armpit lymph nodes'),
(857, 'Swollen breast'),
(858, 'Swollen eyes'),
(859, 'Swollen face'),
(860, 'Swollen glands'),
(861, 'Swollen groin lymph nodes'),
(862, 'Swollen gums'),
(863, 'Swollen joints'),
(864, 'Swollen liver'),
(865, 'Swollen lymph nodes'),
(866, 'Swollen neck'),
(867, 'Swollen neck lymph nodes'),
(868, 'Swollen nipple'),
(869, 'Swollen shins and knees'),
(870, 'Swollen spleen'),
(871, 'Swollen testicles'),
(872, 'Swollen vaginal entrance skin'),
(873, 'Tachycardia'),
(874, 'Tactile hallucinations'),
(875, 'Tearing eyes'),
(876, 'Temporary limb weakness'),
(877, 'Temporary muscle weakness'),
(878, 'Temporary vision loss'),
(879, 'Tendency to fracture easily'),
(880, 'Tender liver'),
(881, 'Tender lymph nodes'),
(882, 'Tender points – neck/spine/shoulders/hips'),
(883, 'Tender spleen'),
(884, 'Tender vaginal entrance skin'),
(885, 'Tenderness around joint'),
(886, 'Testicle infalmmation'),
(887, 'Thigh sores'),
(888, 'Thin bones'),
(889, 'Thin scalp'),
(890, 'Thinking difficulties'),
(891, 'Thinning hair'),
(892, 'Thirst'),
(893, 'Thoughts of death or suicide'),
(894, 'Throat blisters'),
(895, 'Throat warts'),
(896, 'Throbbing headache'),
(897, 'Thyroid enlargement'),
(898, 'Tingling'),
(899, 'Tingling face'),
(900, 'Tingling hands'),
(901, 'Tingling in left arm'),
(902, 'Tinnitus'),
(903, 'Tinnitus – ringing or buzzing in ears'),
(904, 'Tiny red spots (petechiae) under the skin'),
(905, 'Tiredness'),
(906, 'Tooth discoloration'),
(907, 'Tooth enamel loss'),
(908, 'Tormented thinking'),
(909, 'Tossing and turning'),
(910, 'Transient ischemic attack'),
(911, 'Transparent scalp'),
(912, 'Tremors'),
(913, 'Trouble seeing in both eyes'),
(914, 'Trouble seeing in one eye'),
(915, 'Trouble understanding speech'),
(916, 'Trouble walking'),
(917, 'Ulceration'),
(918, 'Unable to follow directions'),
(919, 'Uncomfortable chest pressure'),
(920, 'Uncontrolled urinary dribbling'),
(921, 'Underarm lump'),
(922, 'Underarm lymph node swelling'),
(923, 'Unexplained fever'),
(924, 'Unexplained recurrent fevers'),
(925, 'Unexplained weight loss'),
(926, 'Unfinished bowel movement feeling'),
(927, 'Unrefreshing sleep'),
(928, 'Unsteady gait'),
(929, 'Unsteady urine stream'),
(930, 'Unusual mouth blemishes'),
(931, 'Unusual sensations'),
(932, 'Unusual vaginal bleeding'),
(933, 'Unusual vaginal discharge'),
(934, 'Unusual vaginal drynes'),
(935, 'Unusually large head size'),
(936, 'Upper abdominal pain'),
(937, 'Upper body swelling'),
(938, 'Upper right abdomen pain'),
(939, 'Upper thigh pain'),
(940, 'Upper thigh stiffness'),
(941, 'Upset stomach'),
(942, 'Urinary blockage'),
(943, 'Urinary dribbling'),
(944, 'Urinary frequency'),
(945, 'Urinary hesitancy'),
(946, 'Urinary incontinence'),
(947, 'Urinary leakage'),
(948, 'Urinary obstruction'),
(949, 'Urinary problems'),
(950, 'Urinary tract infections'),
(951, 'Urinary tract sores'),
(952, 'Urinary urgency'),
(953, 'Vaginal bleeding'),
(954, 'Vaginal bleeding after intercourse'),
(955, 'Vaginal burning'),
(956, 'Vaginal discharge'),
(957, 'Vaginal discharge (yellow or bloody)'),
(958, 'Vaginal irritation'),
(959, 'Vaginal itching'),
(960, 'Vaginal odor'),
(961, 'Vaginal skin flakes/white flakes'),
(962, 'Vaginal sores'),
(963, 'Vaginal ulcer'),
(964, 'Vaginal warts'),
(965, 'Vaginal yeast infections'),
(966, 'Vaginitis'),
(967, 'Violent behavior'),
(968, 'Vision changes'),
(969, 'Vision disturbance'),
(970, 'Vision impairment in one eye'),
(971, 'Vision loss'),
(972, 'Vision problems'),
(973, 'Visual disturbances'),
(974, 'Visual hallucinations'),
(975, 'Vivid images at sleep onset'),
(976, 'Vivid sounds at sleep onset'),
(977, 'Vomiting'),
(978, 'Waddling gait'),
(979, 'Waking too early'),
(980, 'Warm breast'),
(981, 'Warm joints'),
(982, 'Warm nipple'),
(983, 'Warm skin'),
(984, 'Wart-like lumps'),
(985, 'Watering eyes'),
(986, 'Watery stool'),
(987, 'Weak bones'),
(988, 'Weak leg muscles'),
(989, 'Weak pulse'),
(990, 'Weak urination'),
(991, 'Weak urine flow'),
(992, 'Weakness'),
(993, 'Weakness of arms or legs'),
(994, 'Weakness of left arm'),
(995, 'Weeping'),
(996, 'Weight gain'),
(997, 'Weight loss'),
(998, 'Wheezing'),
(999, 'Wheezing while breathing'),
(1000, 'White patches in throat'),
(1001, 'White patches inside cheeks'),
(1002, 'White patches on tongue'),
(1003, 'Worsening cough'),
(1004, 'Wrist arthritis'),
(1005, 'Yellow eyes'),
(1006, 'Yellow skin'),
(1007, 'Yellow vaginal discharge'),
(1008, 'Yellow-green vaginal discharge'),
(1009, 'Yelow-green penis discharg');

-- --------------------------------------------------------

--
-- Table structure for table `simptomi_podrucje`
--

CREATE TABLE IF NOT EXISTS `simptomi_podrucje` (
`id` int(11) NOT NULL,
  `simptom_id` int(11) NOT NULL,
  `podrucje_id` int(11) NOT NULL
) ENGINE=InnoDB AUTO_INCREMENT=1871 DEFAULT CHARSET=latin1;

--
-- Dumping data for table `simptomi_podrucje`
--

INSERT INTO `simptomi_podrucje` (`id`, `simptom_id`, `podrucje_id`) VALUES
(758, 1, 5),
(759, 2, 5),
(760, 3, 4),
(761, 4, 4),
(762, 5, 4),
(763, 6, 4),
(764, 7, 4),
(765, 8, 4),
(766, 9, 4),
(767, 9, 3),
(768, 9, 2),
(769, 10, 4),
(770, 11, 4),
(771, 12, 7),
(772, 13, 8),
(773, 14, 8),
(774, 15, 5),
(775, 16, 8),
(776, 17, 4),
(777, 18, 5),
(778, 19, 8),
(779, 20, 8),
(780, 21, 8),
(781, 22, 8),
(782, 23, 8),
(783, 24, 8),
(784, 25, 8),
(785, 26, 8),
(786, 27, 8),
(787, 28, 8),
(788, 29, 8),
(789, 30, 1),
(790, 31, 1),
(791, 32, 5),
(792, 33, 5),
(793, 34, 5),
(794, 35, 5),
(795, 36, 5),
(796, 37, 5),
(797, 38, 5),
(798, 39, 8),
(799, 40, 8),
(800, 41, 2),
(801, 41, 1),
(802, 42, 7),
(803, 43, 7),
(804, 44, 8),
(805, 45, 5),
(806, 46, 8),
(807, 47, 6),
(808, 48, 6),
(809, 49, 6),
(810, 50, 6),
(811, 51, 6),
(812, 52, 8),
(813, 53, 7),
(814, 54, 1),
(815, 55, 8),
(816, 56, 3),
(817, 57, 3),
(818, 57, 4),
(819, 58, 8),
(820, 59, 8),
(821, 60, 8),
(822, 61, 5),
(823, 62, 8),
(824, 63, 8),
(825, 64, 8),
(826, 65, 8),
(827, 66, 4),
(828, 66, 3),
(829, 66, 2),
(830, 66, 1),
(831, 67, 3),
(832, 67, 4),
(833, 68, 1),
(834, 69, 8),
(835, 70, 5),
(836, 70, 4),
(837, 71, 5),
(838, 71, 4),
(839, 72, 5),
(840, 72, 4),
(841, 73, 5),
(842, 73, 4),
(843, 74, 5),
(844, 75, 8),
(845, 76, 1),
(846, 77, 1),
(847, 78, 1),
(848, 79, 8),
(849, 80, 8),
(850, 81, 4),
(851, 82, 1),
(852, 83, 5),
(853, 84, 5),
(854, 85, 5),
(855, 86, 1),
(856, 87, 5),
(857, 88, 1),
(858, 89, 6),
(859, 89, 7),
(860, 90, 8),
(861, 91, 1),
(862, 92, 8),
(863, 93, 8),
(864, 94, 8),
(865, 95, 4),
(866, 96, 4),
(867, 97, 4),
(868, 98, 3),
(869, 99, 1),
(870, 100, 3),
(871, 100, 2),
(872, 100, 1),
(873, 101, 3),
(874, 102, 3),
(875, 103, 3),
(876, 104, 3),
(877, 105, 3),
(878, 106, 3),
(879, 107, 3),
(880, 107, 2),
(881, 108, 3),
(882, 108, 2),
(883, 109, 3),
(884, 110, 3),
(885, 111, 3),
(886, 112, 8),
(887, 113, 8),
(888, 114, 8),
(889, 115, 8),
(890, 116, 1),
(891, 117, 1),
(892, 118, 4),
(893, 119, 3),
(894, 120, 5),
(895, 121, 5),
(896, 122, 1),
(897, 123, 5),
(898, 124, 5),
(899, 125, 8),
(900, 126, 8),
(901, 127, 5),
(902, 128, 5),
(903, 129, 5),
(904, 130, 4),
(905, 131, 8),
(906, 132, 8),
(907, 133, 1),
(908, 134, 3),
(909, 135, 3),
(910, 136, 3),
(911, 137, 3),
(912, 138, 3),
(913, 139, 3),
(914, 140, 3),
(915, 141, 3),
(916, 141, 2),
(917, 142, 3),
(918, 143, 3),
(919, 144, 3),
(920, 145, 8),
(921, 146, 2),
(922, 147, 3),
(923, 148, 3),
(924, 148, 2),
(925, 149, 8),
(926, 150, 8),
(927, 151, 5),
(928, 152, 5),
(929, 153, 1),
(930, 154, 8),
(931, 155, 8),
(932, 156, 8),
(933, 157, 8),
(934, 158, 8),
(935, 159, 8),
(936, 160, 8),
(937, 161, 8),
(938, 162, 8),
(939, 163, 8),
(940, 164, 8),
(941, 165, 8),
(942, 166, 8),
(943, 167, 8),
(944, 168, 8),
(945, 169, 8),
(946, 170, 8),
(947, 171, 4),
(948, 171, 5),
(949, 172, 8),
(950, 173, 8),
(951, 174, 8),
(952, 175, 1),
(953, 176, 1),
(954, 177, 3),
(955, 178, 1),
(956, 179, 3),
(957, 179, 2),
(958, 180, 3),
(959, 180, 2),
(960, 181, 3),
(961, 181, 2),
(962, 182, 8),
(963, 183, 8),
(964, 184, 8),
(965, 185, 8),
(966, 186, 8),
(967, 187, 1),
(968, 188, 6),
(969, 189, 7),
(970, 190, 1),
(971, 191, 8),
(972, 192, 3),
(973, 192, 2),
(974, 193, 1),
(975, 194, 5),
(976, 195, 5),
(977, 196, 5),
(978, 197, 8),
(979, 198, 8),
(980, 199, 8),
(981, 200, 4),
(982, 201, 8),
(983, 202, 5),
(984, 203, 1),
(985, 204, 8),
(986, 205, 8),
(987, 206, 8),
(988, 207, 8),
(989, 208, 8),
(990, 209, 8),
(991, 210, 8),
(992, 211, 8),
(993, 212, 8),
(994, 213, 4),
(995, 213, 5),
(996, 214, 4),
(997, 214, 5),
(998, 215, 4),
(999, 215, 5),
(1000, 216, 4),
(1001, 217, 1),
(1002, 217, 2),
(1003, 218, 8),
(1004, 219, 8),
(1005, 220, 8),
(1006, 221, 8),
(1007, 222, 5),
(1008, 223, 8),
(1009, 224, 8),
(1010, 225, 8),
(1011, 226, 8),
(1012, 227, 1),
(1013, 228, 8),
(1014, 229, 8),
(1015, 230, 8),
(1016, 231, 5),
(1017, 232, 1),
(1018, 232, 2),
(1019, 233, 8),
(1020, 234, 8),
(1021, 235, 4),
(1022, 235, 5),
(1023, 236, 1),
(1024, 237, 1),
(1025, 238, 8),
(1026, 239, 3),
(1027, 240, 8),
(1028, 241, 8),
(1029, 242, 8),
(1030, 243, 1),
(1031, 244, 8),
(1032, 245, 8),
(1033, 246, 8),
(1034, 247, 1),
(1035, 248, 8),
(1036, 249, 5),
(1037, 250, 8),
(1038, 251, 8),
(1039, 252, 8),
(1040, 253, 8),
(1041, 254, 8),
(1042, 255, 8),
(1043, 256, 4),
(1044, 256, 5),
(1045, 257, 3),
(1046, 257, 2),
(1047, 258, 4),
(1048, 258, 5),
(1049, 259, 8),
(1050, 260, 8),
(1051, 261, 3),
(1052, 262, 3),
(1053, 263, 1),
(1054, 264, 1),
(1055, 265, 1),
(1056, 266, 1),
(1057, 267, 1),
(1058, 268, 1),
(1059, 269, 8),
(1060, 270, 8),
(1061, 271, 8),
(1062, 272, 8),
(1063, 273, 7),
(1064, 274, 5),
(1065, 274, 7),
(1066, 275, 5),
(1067, 275, 7),
(1068, 276, 4),
(1069, 276, 3),
(1070, 277, 8),
(1071, 278, 8),
(1072, 279, 8),
(1073, 280, 4),
(1074, 280, 3),
(1075, 281, 5),
(1076, 282, 5),
(1077, 283, 5),
(1078, 284, 8),
(1079, 285, 8),
(1080, 286, 5),
(1081, 287, 5),
(1082, 288, 8),
(1083, 289, 5),
(1084, 290, 8),
(1085, 291, 4),
(1086, 291, 3),
(1087, 292, 8),
(1088, 293, 8),
(1089, 294, 1),
(1090, 295, 1),
(1091, 296, 1),
(1092, 297, 1),
(1093, 298, 1),
(1094, 299, 1),
(1095, 300, 1),
(1096, 301, 1),
(1097, 302, 1),
(1098, 303, 8),
(1099, 304, 8),
(1100, 305, 8),
(1101, 306, 8),
(1102, 307, 8),
(1103, 308, 8),
(1104, 309, 8),
(1105, 310, 8),
(1106, 311, 4),
(1107, 311, 5),
(1108, 312, 4),
(1109, 313, 3),
(1110, 314, 8),
(1111, 315, 4),
(1112, 315, 5),
(1113, 316, 8),
(1114, 317, 8),
(1115, 318, 6),
(1116, 319, 6),
(1117, 320, 8),
(1118, 321, 8),
(1119, 322, 1),
(1120, 323, 4),
(1121, 323, 5),
(1122, 324, 8),
(1123, 325, 8),
(1124, 326, 8),
(1125, 326, 3),
(1126, 326, 2),
(1127, 326, 1),
(1128, 327, 1),
(1129, 328, 1),
(1130, 329, 7),
(1131, 330, 7),
(1132, 331, 7),
(1133, 332, 7),
(1134, 333, 8),
(1135, 334, 8),
(1136, 335, 8),
(1137, 336, 4),
(1138, 336, 5),
(1139, 337, 4),
(1140, 337, 5),
(1141, 338, 8),
(1142, 339, 8),
(1143, 340, 8),
(1144, 341, 8),
(1145, 342, 4),
(1146, 342, 5),
(1147, 343, 4),
(1148, 343, 5),
(1149, 344, 3),
(1150, 344, 2),
(1151, 345, 8),
(1152, 346, 8),
(1153, 347, 8),
(1154, 348, 5),
(1155, 349, 5),
(1156, 350, 8),
(1157, 351, 1),
(1158, 352, 1),
(1159, 353, 8),
(1160, 354, 8),
(1161, 355, 4),
(1162, 355, 5),
(1163, 356, 4),
(1164, 357, 5),
(1165, 358, 5),
(1166, 359, 5),
(1167, 360, 5),
(1168, 361, 5),
(1169, 362, 5),
(1170, 363, 5),
(1171, 364, 8),
(1172, 365, 8),
(1173, 366, 1),
(1174, 367, 2),
(1175, 368, 5),
(1176, 368, 7),
(1177, 369, 8),
(1178, 370, 8),
(1179, 371, 8),
(1180, 372, 8),
(1181, 373, 8),
(1182, 373, 1),
(1183, 374, 6),
(1184, 375, 6),
(1185, 376, 6),
(1186, 377, 6),
(1187, 378, 4),
(1188, 378, 5),
(1189, 379, 3),
(1190, 380, 8),
(1191, 381, 1),
(1192, 382, 1),
(1193, 383, 1),
(1194, 384, 1),
(1195, 385, 1),
(1196, 386, 8),
(1197, 387, 3),
(1198, 388, 3),
(1199, 389, 3),
(1200, 390, 8),
(1201, 391, 5),
(1202, 392, 5),
(1203, 393, 8),
(1204, 394, 8),
(1205, 395, 8),
(1206, 396, 8),
(1207, 397, 5),
(1208, 398, 5),
(1209, 398, 7),
(1210, 399, 1),
(1211, 399, 2),
(1212, 400, 8),
(1213, 401, 8),
(1214, 402, 1),
(1215, 403, 8),
(1216, 404, 1),
(1217, 405, 8),
(1218, 406, 8),
(1219, 407, 8),
(1220, 408, 8),
(1221, 409, 8),
(1222, 410, 8),
(1223, 411, 8),
(1224, 412, 8),
(1225, 413, 1),
(1226, 414, 1),
(1227, 415, 5),
(1228, 416, 1),
(1229, 416, 8),
(1230, 417, 5),
(1231, 418, 8),
(1232, 419, 8),
(1233, 420, 7),
(1234, 421, 5),
(1235, 422, 5),
(1236, 423, 5),
(1237, 424, 8),
(1238, 425, 8),
(1239, 426, 8),
(1240, 427, 5),
(1241, 428, 5),
(1242, 429, 4),
(1243, 430, 8),
(1244, 431, 8),
(1245, 432, 8),
(1246, 433, 4),
(1247, 434, 3),
(1248, 435, 5),
(1249, 436, 1),
(1250, 437, 8),
(1251, 438, 8),
(1252, 439, 8),
(1253, 440, 8),
(1254, 441, 1),
(1255, 442, 5),
(1256, 442, 4),
(1257, 442, 3),
(1258, 442, 2),
(1259, 442, 1),
(1260, 443, 5),
(1261, 444, 8),
(1262, 445, 8),
(1263, 446, 4),
(1264, 447, 5),
(1265, 448, 8),
(1266, 449, 5),
(1267, 450, 5),
(1268, 451, 5),
(1269, 452, 5),
(1270, 453, 3),
(1271, 454, 5),
(1272, 455, 8),
(1273, 456, 4),
(1274, 457, 8),
(1275, 458, 8),
(1276, 459, 1),
(1277, 460, 1),
(1278, 461, 8),
(1279, 462, 2),
(1280, 463, 8),
(1281, 464, 8),
(1282, 465, 8),
(1283, 466, 8),
(1284, 467, 8),
(1285, 468, 8),
(1286, 469, 8),
(1287, 470, 8),
(1288, 471, 8),
(1289, 472, 8),
(1290, 473, 8),
(1291, 474, 8),
(1292, 475, 8),
(1293, 476, 7),
(1294, 477, 4),
(1295, 478, 7),
(1296, 479, 8),
(1297, 480, 8),
(1298, 481, 8),
(1299, 482, 7),
(1300, 483, 7),
(1301, 484, 7),
(1302, 485, 7),
(1303, 486, 7),
(1304, 487, 7),
(1305, 488, 7),
(1306, 489, 8),
(1307, 490, 8),
(1308, 491, 4),
(1309, 491, 5),
(1310, 493, 5),
(1311, 494, 8),
(1312, 495, 5),
(1313, 496, 8),
(1314, 497, 6),
(1315, 497, 7),
(1316, 498, 6),
(1317, 498, 7),
(1318, 499, 6),
(1319, 499, 7),
(1320, 500, 6),
(1321, 500, 7),
(1322, 501, 7),
(1323, 502, 2),
(1324, 503, 1),
(1325, 504, 4),
(1326, 504, 8),
(1327, 505, 5),
(1328, 506, 8),
(1329, 507, 4),
(1330, 507, 5),
(1331, 508, 3),
(1332, 510, 8),
(1333, 511, 8),
(1334, 512, 8),
(1335, 513, 8),
(1336, 514, 8),
(1337, 515, 8),
(1338, 516, 8),
(1339, 517, 8),
(1340, 518, 8),
(1341, 519, 8),
(1342, 520, 1),
(1343, 521, 8),
(1344, 522, 8),
(1345, 523, 8),
(1346, 524, 8),
(1347, 525, 8),
(1348, 526, 8),
(1349, 527, 8),
(1350, 528, 8),
(1351, 529, 1),
(1352, 530, 8),
(1353, 531, 8),
(1354, 532, 8),
(1355, 533, 1),
(1356, 534, 8),
(1357, 535, 4),
(1358, 536, 4),
(1359, 536, 5),
(1360, 537, 4),
(1361, 538, 4),
(1362, 538, 5),
(1363, 539, 4),
(1364, 540, 2),
(1365, 541, 3),
(1366, 542, 3),
(1367, 543, 5),
(1368, 544, 8),
(1369, 545, 8),
(1370, 546, 8),
(1371, 547, 8),
(1372, 548, 8),
(1373, 549, 8),
(1374, 550, 8),
(1375, 551, 5),
(1376, 552, 5),
(1377, 553, 8),
(1378, 554, 8),
(1379, 555, 8),
(1380, 556, 1),
(1381, 557, 8),
(1382, 558, 8),
(1383, 559, 8),
(1384, 560, 3),
(1385, 561, 8),
(1386, 562, 5),
(1387, 563, 1),
(1388, 564, 8),
(1389, 565, 8),
(1390, 566, 8),
(1391, 567, 1),
(1392, 568, 1),
(1393, 569, 1),
(1394, 570, 1),
(1395, 571, 1),
(1396, 572, 1),
(1397, 573, 4),
(1398, 573, 5),
(1399, 574, 8),
(1400, 575, 8),
(1401, 576, 8),
(1402, 577, 8),
(1403, 578, 8),
(1404, 579, 8),
(1405, 580, 8),
(1406, 581, 8),
(1407, 582, 8),
(1408, 583, 8),
(1409, 584, 8),
(1410, 585, 1),
(1411, 586, 8),
(1412, 587, 8),
(1413, 588, 5),
(1414, 589, 5),
(1415, 589, 4),
(1416, 590, 1),
(1417, 591, 1),
(1418, 592, 1),
(1419, 593, 8),
(1420, 594, 8),
(1421, 594, 4),
(1422, 595, 2),
(1423, 596, 2),
(1424, 597, 2),
(1425, 598, 2),
(1426, 599, 8),
(1427, 600, 1),
(1428, 601, 8),
(1429, 602, 8),
(1430, 603, 8),
(1431, 604, 8),
(1432, 605, 8),
(1433, 606, 8),
(1434, 607, 8),
(1435, 608, 5),
(1436, 609, 8),
(1437, 610, 3),
(1438, 611, 3),
(1439, 612, 3),
(1440, 613, 8),
(1441, 614, 8),
(1442, 615, 3),
(1443, 615, 2),
(1444, 615, 1),
(1445, 616, 8),
(1446, 617, 8),
(1447, 618, 1),
(1448, 619, 1),
(1449, 620, 1),
(1450, 621, 8),
(1451, 622, 6),
(1452, 623, 6),
(1453, 623, 7),
(1454, 624, 3),
(1455, 624, 2),
(1456, 624, 1),
(1457, 625, 8),
(1458, 626, 8),
(1459, 627, 8),
(1460, 628, 8),
(1461, 629, 1),
(1462, 630, 8),
(1463, 631, 8),
(1464, 632, 8),
(1465, 633, 5),
(1466, 634, 8),
(1467, 635, 8),
(1468, 636, 5),
(1469, 636, 8),
(1470, 637, 6),
(1471, 638, 2),
(1472, 639, 4),
(1473, 640, 2),
(1474, 641, 1),
(1475, 642, 8),
(1476, 643, 3),
(1477, 643, 6),
(1478, 644, 5),
(1479, 645, 8),
(1480, 646, 4),
(1481, 647, 5),
(1482, 648, 5),
(1483, 648, 8),
(1484, 649, 8),
(1485, 650, 5),
(1486, 651, 1),
(1487, 651, 2),
(1488, 652, 5),
(1489, 653, 8),
(1490, 654, 5),
(1491, 655, 8),
(1492, 656, 5),
(1493, 657, 8),
(1494, 658, 8),
(1495, 659, 3),
(1496, 660, 3),
(1497, 661, 8),
(1498, 662, 8),
(1499, 663, 1),
(1500, 664, 8),
(1501, 665, 8),
(1502, 666, 1),
(1503, 667, 8),
(1504, 668, 8),
(1505, 669, 8),
(1506, 670, 1),
(1507, 671, 8),
(1508, 672, 5),
(1509, 673, 5),
(1510, 674, 5),
(1511, 675, 5),
(1512, 676, 5),
(1513, 677, 5),
(1514, 678, 5),
(1515, 679, 5),
(1516, 680, 5),
(1517, 681, 5),
(1518, 682, 8),
(1519, 683, 8),
(1520, 684, 8),
(1521, 685, 8),
(1522, 686, 8),
(1523, 687, 8),
(1524, 688, 8),
(1525, 689, 8),
(1526, 690, 8),
(1527, 691, 8),
(1528, 692, 8),
(1529, 693, 8),
(1530, 694, 8),
(1531, 695, 8),
(1532, 696, 8),
(1533, 697, 8),
(1534, 698, 8),
(1535, 699, 8),
(1536, 700, 1),
(1537, 701, 1),
(1538, 702, 5),
(1539, 703, 8),
(1540, 704, 3),
(1541, 705, 8),
(1542, 706, 1),
(1543, 707, 8),
(1544, 708, 1),
(1545, 709, 8),
(1546, 710, 1),
(1547, 711, 5),
(1548, 712, 8),
(1549, 713, 1),
(1550, 714, 8),
(1551, 715, 1),
(1552, 716, 5),
(1553, 717, 8),
(1554, 718, 1),
(1555, 719, 3),
(1556, 720, 3),
(1557, 721, 1),
(1558, 722, 8),
(1559, 723, 8),
(1560, 724, 7),
(1561, 725, 8),
(1562, 726, 6),
(1563, 727, 1),
(1564, 728, 3),
(1565, 729, 6),
(1566, 730, 7),
(1567, 731, 8),
(1568, 732, 5),
(1569, 733, 3),
(1570, 734, 3),
(1571, 735, 3),
(1572, 735, 2),
(1573, 735, 1),
(1574, 736, 3),
(1575, 737, 1),
(1576, 738, 1),
(1577, 739, 3),
(1578, 740, 1),
(1579, 741, 8),
(1580, 742, 8),
(1581, 743, 2),
(1582, 744, 5),
(1583, 745, 5),
(1584, 746, 1),
(1585, 747, 1),
(1586, 748, 8),
(1587, 749, 8),
(1588, 750, 5),
(1589, 751, 8),
(1590, 752, 1),
(1591, 753, 8),
(1592, 754, 8),
(1593, 755, 8),
(1594, 756, 8),
(1595, 757, 8),
(1596, 758, 8),
(1597, 759, 1),
(1598, 760, 1),
(1599, 761, 8),
(1600, 762, 8),
(1601, 763, 8),
(1602, 764, 1),
(1603, 765, 3),
(1604, 766, 3),
(1605, 767, 8),
(1606, 768, 2),
(1607, 769, 5),
(1608, 770, 1),
(1609, 771, 8),
(1610, 772, 8),
(1611, 773, 8),
(1612, 774, 8),
(1613, 775, 8),
(1614, 776, 4),
(1615, 777, 1),
(1616, 778, 1),
(1617, 779, 8),
(1618, 780, 8),
(1619, 781, 8),
(1620, 782, 3),
(1621, 783, 7),
(1622, 784, 8),
(1623, 785, 8),
(1624, 786, 8),
(1625, 787, 1),
(1626, 788, 8),
(1627, 789, 3),
(1628, 790, 1),
(1629, 791, 8),
(1630, 792, 8),
(1631, 793, 8),
(1632, 794, 8),
(1633, 795, 8),
(1634, 796, 8),
(1635, 797, 3),
(1636, 798, 8),
(1637, 799, 8),
(1638, 800, 8),
(1639, 801, 8),
(1640, 802, 8),
(1641, 803, 8),
(1642, 804, 8),
(1643, 805, 8),
(1644, 806, 8),
(1645, 807, 8),
(1646, 808, 8),
(1647, 809, 8),
(1648, 810, 8),
(1649, 811, 8),
(1650, 812, 3),
(1651, 813, 3),
(1652, 814, 8),
(1653, 815, 8),
(1654, 816, 8),
(1655, 817, 8),
(1656, 818, 8),
(1657, 819, 5),
(1658, 820, 5),
(1659, 821, 3),
(1660, 821, 2),
(1661, 821, 1),
(1662, 822, 8),
(1663, 823, 2),
(1664, 824, 8),
(1665, 825, 8),
(1666, 826, 8),
(1667, 827, 2),
(1668, 827, 3),
(1669, 828, 4),
(1670, 829, 8),
(1671, 830, 8),
(1672, 831, 8),
(1673, 832, 6),
(1674, 832, 7),
(1675, 833, 8),
(1676, 834, 2),
(1677, 835, 8),
(1678, 836, 5),
(1679, 837, 1),
(1680, 838, 8),
(1681, 839, 8),
(1682, 840, 8),
(1683, 841, 3),
(1684, 842, 8),
(1685, 843, 8),
(1686, 844, 1),
(1687, 845, 8),
(1688, 846, 8),
(1689, 847, 2),
(1690, 848, 8),
(1691, 849, 8),
(1692, 850, 3),
(1693, 850, 2),
(1694, 850, 1),
(1695, 851, 8),
(1696, 852, 1),
(1697, 853, 4),
(1698, 854, 7),
(1699, 855, 4),
(1700, 856, 3),
(1701, 856, 6),
(1702, 857, 3),
(1703, 858, 1),
(1704, 859, 1),
(1705, 860, 8),
(1706, 861, 5),
(1707, 861, 7),
(1708, 862, 1),
(1709, 863, 8),
(1710, 864, 4),
(1711, 865, 8),
(1712, 866, 2),
(1713, 867, 2),
(1714, 868, 3),
(1715, 869, 7),
(1716, 870, 4),
(1717, 871, 5),
(1718, 872, 5),
(1719, 873, 3),
(1720, 874, 8),
(1721, 875, 1),
(1722, 876, 6),
(1723, 876, 7),
(1724, 877, 8),
(1725, 878, 1),
(1726, 879, 8),
(1727, 880, 4),
(1728, 881, 8),
(1729, 882, 8),
(1730, 883, 4),
(1731, 884, 5),
(1732, 885, 8),
(1733, 886, 5),
(1734, 887, 7),
(1735, 888, 8),
(1736, 889, 1),
(1737, 890, 8),
(1738, 891, 8),
(1739, 892, 8),
(1740, 893, 8),
(1741, 894, 2),
(1742, 895, 2),
(1743, 896, 1),
(1744, 897, 2),
(1745, 898, 8),
(1746, 899, 1),
(1747, 900, 6),
(1748, 901, 6),
(1749, 902, 1),
(1750, 903, 1),
(1751, 904, 8),
(1752, 905, 8),
(1753, 906, 1),
(1754, 907, 1),
(1755, 908, 8),
(1756, 909, 8),
(1757, 910, 8),
(1758, 911, 1),
(1759, 912, 8),
(1760, 913, 1),
(1761, 914, 1),
(1762, 915, 8),
(1763, 916, 8),
(1764, 917, 8),
(1765, 918, 8),
(1766, 919, 3),
(1767, 920, 5),
(1768, 921, 6),
(1769, 922, 6),
(1770, 923, 8),
(1771, 924, 8),
(1772, 925, 8),
(1773, 926, 4),
(1774, 926, 5),
(1775, 927, 8),
(1776, 928, 8),
(1777, 929, 5),
(1778, 930, 1),
(1779, 931, 8),
(1780, 932, 5),
(1781, 933, 5),
(1782, 934, 5),
(1783, 935, 1),
(1784, 936, 4),
(1785, 937, 3),
(1786, 937, 2),
(1787, 937, 1),
(1788, 937, 6),
(1789, 938, 4),
(1790, 939, 7),
(1791, 940, 7),
(1792, 941, 4),
(1793, 942, 5),
(1794, 943, 5),
(1795, 944, 5),
(1796, 945, 5),
(1797, 946, 5),
(1798, 947, 5),
(1799, 948, 5),
(1800, 949, 5),
(1801, 950, 5),
(1802, 951, 5),
(1803, 952, 5),
(1804, 953, 5),
(1805, 954, 5),
(1806, 955, 5),
(1807, 956, 5),
(1808, 957, 5),
(1809, 958, 5),
(1810, 959, 5),
(1811, 960, 5),
(1812, 961, 5),
(1813, 962, 5),
(1814, 963, 5),
(1815, 964, 5),
(1816, 965, 5),
(1817, 966, 5),
(1818, 967, 8),
(1819, 968, 1),
(1820, 969, 1),
(1821, 970, 1),
(1822, 971, 1),
(1823, 972, 1),
(1824, 973, 1),
(1825, 974, 1),
(1826, 974, 8),
(1827, 975, 1),
(1828, 975, 8),
(1829, 976, 1),
(1830, 976, 8),
(1831, 977, 4),
(1832, 978, 8),
(1833, 979, 8),
(1834, 980, 3),
(1835, 981, 8),
(1836, 982, 3),
(1837, 983, 8),
(1838, 984, 8),
(1839, 985, 1),
(1840, 986, 4),
(1841, 986, 5),
(1842, 987, 8),
(1843, 988, 7),
(1844, 989, 8),
(1845, 990, 5),
(1846, 991, 5),
(1847, 992, 8),
(1848, 993, 6),
(1849, 993, 7),
(1850, 994, 6),
(1851, 995, 8),
(1852, 996, 8),
(1853, 997, 8),
(1854, 998, 3),
(1855, 998, 2),
(1856, 998, 1),
(1857, 999, 3),
(1858, 999, 2),
(1859, 999, 1),
(1860, 1000, 2),
(1861, 1001, 1),
(1862, 1002, 1),
(1863, 1003, 3),
(1864, 1003, 2),
(1865, 1004, 6),
(1866, 1005, 1),
(1867, 1006, 8),
(1868, 1007, 5),
(1869, 1008, 5),
(1870, 1009, 5);

--
-- Indexes for dumped tables
--

--
-- Indexes for table `bolesti`
--
ALTER TABLE `bolesti`
 ADD PRIMARY KEY (`ID`);

--
-- Indexes for table `grupe`
--
ALTER TABLE `grupe`
 ADD PRIMARY KEY (`ID`);

--
-- Indexes for table `podrucje`
--
ALTER TABLE `podrucje`
 ADD PRIMARY KEY (`ID`);

--
-- Indexes for table `simptomi`
--
ALTER TABLE `simptomi`
 ADD PRIMARY KEY (`ID`);

--
-- Indexes for table `simptomi_podrucje`
--
ALTER TABLE `simptomi_podrucje`
 ADD PRIMARY KEY (`id`);

--
-- AUTO_INCREMENT for dumped tables
--

--
-- AUTO_INCREMENT for table `bolesti`
--
ALTER TABLE `bolesti`
MODIFY `ID` int(11) NOT NULL AUTO_INCREMENT,AUTO_INCREMENT=102;
--
-- AUTO_INCREMENT for table `grupe`
--
ALTER TABLE `grupe`
MODIFY `ID` int(11) NOT NULL AUTO_INCREMENT,AUTO_INCREMENT=24;
--
-- AUTO_INCREMENT for table `podrucje`
--
ALTER TABLE `podrucje`
MODIFY `ID` int(11) NOT NULL AUTO_INCREMENT,AUTO_INCREMENT=11;
--
-- AUTO_INCREMENT for table `simptomi`
--
ALTER TABLE `simptomi`
MODIFY `ID` int(11) NOT NULL AUTO_INCREMENT,AUTO_INCREMENT=1010;
--
-- AUTO_INCREMENT for table `simptomi_podrucje`
--
ALTER TABLE `simptomi_podrucje`
MODIFY `id` int(11) NOT NULL AUTO_INCREMENT,AUTO_INCREMENT=1871;
/*!40101 SET CHARACTER_SET_CLIENT=@OLD_CHARACTER_SET_CLIENT */;
/*!40101 SET CHARACTER_SET_RESULTS=@OLD_CHARACTER_SET_RESULTS */;
/*!40101 SET COLLATION_CONNECTION=@OLD_COLLATION_CONNECTION */;
